pair	tokens
Q9M548__A0A178U7J0	1249
Q9M548__A0A178UBX9	1346
Q9M548__A0A178UD59	1359
Q9M548__A0A1P8APW2	1507
Q9M548__A0A1P8AQ73	1290
Q9M548__A0A1P8AST2	1326
Q9M548__A0A1P8AW87	1388
Q9M548__A0A1P8AWE8	1856
Q9M548__A0A1P8AYB9	1303
Q9M548__A0A1P8B518	1334
Q9M548__A0A1P8BBL5	1531
Q9M548__A0A1P8BD07	1337
Q9M548__B9DFV2	1518
Q9M548__F4HVS0	1885
Q9M548__F4HZD1	1570
Q9M548__F4I079	1525
Q9M548__F4IDG2	1380
Q9M548__F4IDY5	1880
Q9M548__F4IEK8	1685
Q9M548__F4IK69	1392
Q9M548__F4IK85	1326
Q9M548__F4IQ07	1225
Q9M548__F4JP52	1452
Q9M548__F4JSV3	1365
Q9M548__F4K964	1415
Q9M548__F4KAN2	1252
Q9M548__F4KCC2	2632
Q9M548__O22161	1556
Q9M548__O22193	1452
Q9M548__O48700	1397
Q9M548__O49500	1292
Q9M548__P43254	1301
Q9M548__Q0WPJ7	1440
Q9M548__Q0WQX9	1343
Q9M548__Q0WVP4	1334
Q9M548__Q570C0	1220
Q9M548__Q680I0	1249
Q9M548__Q681N2	1286
Q9M548__Q6WWW4	2514
Q9M548__Q708Y0	1249
Q9M548__Q84JU6	1553
Q9M548__Q84V03	1404
Q9M548__Q8GUH1	1460
Q9M548__Q8GY23	4307
Q9M548__Q8H0T4	4284
Q9M548__Q8LPQ5	1880
Q9M548__Q8RWB8	1655
Q9M548__Q8RXD6	1504
Q9M548__Q8S8S7	1427
Q9M548__Q8VYZ0	1271
Q9M548__Q8W104	1219
Q9M548__Q8W420	1237
Q9M548__Q94A51	1431
Q9M548__Q94BT6	1235
Q9M548__Q9C895	1526
Q9M548__Q9C8E1	1248
Q9M548__Q9C9A6	1254
Q9M548__Q9C9W9	1245
Q9M548__Q9CAA7	1659
Q9M548__Q9CAG5	1408
Q9M548__Q9FGD7	1391
Q9M548__Q9FJX0	1221
Q9M548__Q9FKA7	1243
Q9M548__Q9FKG5	1422
Q9M548__Q9FMM4	1317
Q9M548__Q9FVS2	1286
Q9M548__Q9LF41	1664
Q9M548__Q9LM76	1427
Q9M548__Q9LPW7	1203
Q9M548__Q9LTX2	1245
Q9M548__Q9LU47	1445
Q9M548__Q9LW29	1201
Q9M548__Q9LXQ8	1244
Q9M548__Q9LYZ7	2128
Q9M548__Q9M1I1	2004
Q9M548__Q9M224	1554
Q9M548__Q9M3B7	1256
Q9M548__Q9M9E8	1569
Q9M548__Q9SCQ2	1768
Q9M548__Q9SDA8	1282
Q9M548__Q9SKK0	1254
Q9M548__Q9SNC6	1286
Q9M548__Q9SU29	1499
Q9M548__Q9SW11	1461
Q9M548__Q9ZQF9	1330
Q9M548__Q9ZR12	1211
Q9M548__Q9ZVT8	1449
